time,冰水入口溫度,冰水出口溫度,冷卻水入口溫度,冷卻水出口溫度,右機LEV開度Step,右機低壓,右機吐出溫度,右機電流,右機高壓,右耗電,右飽和冷凝溫度,右飽和蒸發溫度,壓縮機頻率,左機LEV開度Step,左機低壓,左機吐出溫度,左機電流,左機高壓,左耗電,左飽和冷凝溫度,左飽和蒸發溫度,設溫
1548000064,19.5,16.1,22.9,23.3,0,4.63,24.6,0,4.64,0,19.2,19.1,0,0,4.67,24.7,0,4.65,0,19.2,19.3,
1548000184,19.5,16.1,22.9,23.3,0,4.64,24.6,0,4.68,0,19.2,19.1,0,0,4.67,24.7,0,4.65,0,19.2,19.3,
1548000304,19.5,16.1,22.9,23.3,0,4.62,24.6,0,4.64,0,19.2,19.1,0,0,4.65,24.7,0,4.64,0,19.3,19.2,
1548000425,19.5,16.2,22.9,23.3,0,4.62,24.6,0,4.65,0,19.2,19.1,0,0,4.65,24.7,0,4.64,0,19.1,19.3,
1548000545,19.5,16.2,22.9,23.3,0,4.63,24.6,0,4.65,0,19.1,19.1,0,0,4.65,24.7,0,4.65,0,19.2,19.1,
1548000666,19.5,16.8,22.9,23.3,0,4.64,24.6,0,4.65,0,19.2,19.1,0,0,4.67,24.7,0,4.65,0,19.2,19.3,
1548001069,0,0,0,0,0,0,0,0,0,0,0,0,0,0,0,0,0,0,0,0,0,
1548001189,19.6,16.4,22.9,23.3,0,4.6,24.6,0,4.65,0,19.3,19.1,0,0,4.65,24.7,0,4.65,0,19.2,19.3,
1548001309,19.6,16.4,22.9,23.3,0,4.62,24.6,0,4.64,0,19.2,19.1,0,0,4.64,24.7,0,4.64,0,19.2,19.1,
1548001430,19.6,16.4,22.9,23.3,0,4.63,24.6,0,4.65,0,19.2,19.1,0,0,4.67,24.7,0,4.65,0,19.2,19.3,
1548001550,19.6,16.5,23,23.3,0,4.62,24.6,0,4.64,0,19.2,19.1,0,0,4.65,24.7,0,4.65,0,19.4,19.3,
1548001670,19.6,16.5,23,23.3,0,4.63,24.6,0,4.65,0,19.3,19.1,0,0,4.67,24.7,0,4.68,0,19.2,19.3,
1548001791,19.6,16.5,23,23.3,0,4.62,24.6,0,4.64,0,19.1,19.1,0,0,4.65,24.7,0,4.65,0,19.1,19.2,
1548001911,19.7,16.6,23,23.3,0,4.62,24.6,0,4.64,0,19.4,19.1,0,0,4.65,24.7,0,4.68,0,19.4,19.3,
1548002885,0,0,0,0,0,0,0,0,0,0,0,0,0,0,0,0,0,0,0,0,0,
1548003005,19.7,16.7,23,23.3,0,4.63,24.6,0,4.65,0,19.1,19.1,0,0,4.67,24.7,0,4.67,0,19.2,19.1,
1548003126,19.7,16.8,23,23.3,0,4.63,24.6,0,4.65,0,19.2,19.1,0,0,4.67,24.7,0,4.67,0,19.3,19.2,
1548003246,19.7,16.8,23,23.3,0,4.63,24.6,0,4.65,0,19.2,19.1,0,0,4.65,24.7,0,4.67,0,19.2,19.2,
1548003367,19.7,16.8,23,23.3,0,4.64,24.6,0,4.67,0,19.3,19.1,0,0,4.67,24.7,0,4.67,0,19.4,19.3,
1548003487,19.7,16.8,23,23.3,0,4.63,24.6,0,4.65,0,19.3,19,0,0,4.65,24.7,0,4.67,0,19.4,19.3,
1548003607,19.7,16.8,23,23.3,0,4.63,24.6,0,4.65,0,19.2,18.9,0,0,4.65,24.7,0,4.68,0,19.4,19.4,
1548003728,19.7,16.9,23,23.3,0,4.64,24.6,0,4.65,0,19.3,19.1,0,0,4.67,24.7,0,4.65,0,19.3,19.4,
1548005099,0,0,0,0,0,0,0,0,0,0,0,0,0,0,0,0,0,0,0,0,0,
1548005219,19.7,17.1,23,23.3,0,4.64,24.6,0,4.67,0,19.2,18.9,0,0,4.67,24.7,0,4.68,0,19.3,19.4,
1548005339,19.7,17.1,23,23.3,0,4.63,24.6,0,4.65,0,19.2,19.1,0,0,4.68,24.7,0,4.67,0,19.3,19.3,
1548005459,19.7,17.1,23,23.3,0,4.63,24.6,0,4.67,0,19.2,18.9,0,0,4.67,24.7,0,4.67,0,19.4,19.4,
1548005580,19.7,17.1,23,23.3,0,4.64,24.6,0,4.67,0,19.2,19.1,0,0,4.69,24.7,0,4.69,0,19.3,19.4,
1548005700,19.7,17.1,23,23.3,0,4.64,24.6,0,4.69,0,19.3,19.1,0,0,4.69,24.7,0,4.68,0,19.4,19.3,
1548005821,19.7,17,23,23.3,0,4.64,24.6,0,4.67,0,19.4,19.1,0,0,4.68,24.7,0,4.67,0,19.4,19.4,
1548005941,19.7,16.9,23,23.3,0,4.64,24.6,0,4.67,0,19.2,19.1,0,0,4.69,24.7,0,4.68,0,19.3,19.4,
1548006171,0,0,0,0,0,0,0,0,0,0,0,0,0,0,0,0,0,0,0,0,0,
1548006291,19.7,16.5,23,23.3,0,4.65,24.6,0,4.67,0,19.3,19.1,0,0,4.68,24.7,0,4.68,0,19.4,19.4,
1548006412,19.7,16.4,23,23.3,0,4.63,24.6,0,4.67,0,19.2,19,0,0,4.69,24.7,0,4.69,0,19.5,19.5,
1548006532,19.7,16.3,23,23.3,0,4.65,24.6,0,4.68,0,19.2,19.1,0,0,4.69,24.7,0,4.68,0,19.3,19.4,
1548006653,19.7,16.2,23,23.3,0,4.64,24.6,0,4.67,0,19.4,19.1,0,0,4.68,24.7,0,4.69,0,19.4,19.4,
1548006773,19.7,16,23,23.3,0,4.64,24.6,0,4.68,0,19.4,19.1,0,0,4.69,24.7,0,4.68,0,19.4,19.4,
1548006893,19.7,15.9,23,23.3,0,4.64,24.6,0,4.67,0,19.3,19.1,0,0,4.69,24.7,0,4.68,0,19.4,19.4,
1548007014,19.7,15.8,23,23.3,0,4.63,24.6,0,4.67,0,19.4,19.1,0,0,4.68,24.7,0,4.67,0,19.4,19.3,
1548007433,0,0,0,0,0,0,0,0,0,0,0,0,0,0,0,0,0,0,0,0,0,
1548007553,19.8,15.4,23,23.3,0,4.64,24.5,0,4.67,0,19.3,19.2,0,0,4.67,24.7,0,4.67,0,19.4,19.4,
1548007674,19.8,15.3,23,23.3,0,4.62,24.5,0,4.67,0,19.4,19.2,0,0,4.68,24.7,0,4.67,0,19.4,19.4,
1548007794,19.8,15.1,23,23.3,0,4.63,24.5,0,4.67,0,19.2,19.1,0,0,4.69,24.7,0,4.68,0,19.3,19.3,
1548007914,19.8,15,23,23.3,0,4.65,24.5,0,4.68,0,19.4,19.2,0,0,4.69,24.7,0,4.69,0,19.4,19.4,
1548008035,19.8,15,23,23.3,0,4.65,24.5,0,4.67,0,19.3,19.1,0,0,4.68,24.7,0,4.69,0,19.4,19.4,
1548008155,19.8,14.9,23,23.3,0,4.64,24.5,0,4.68,0,19.4,19.2,0,0,4.69,24.7,0,4.69,0,19.4,19.4,
1548008275,19.8,14.9,23,23.3,0,4.64,24.5,0,4.7,0,19.3,19.1,0,0,4.69,24.7,0,4.68,0,19.3,19.4,
1548009573,0,0,0,0,0,0,0,0,0,0,0,0,0,0,0,0,0,0,0,0,0,
1548009693,19.7,14.3,23,23.3,0,4.64,24.5,0,4.67,0,19.4,19.2,0,0,4.68,24.7,0,4.67,0,19.4,19.4,
1548009814,19.7,14.2,23,23.3,0,4.65,24.5,0,4.68,0,19.4,19.2,0,0,4.69,24.7,0,4.68,0,19.4,19.4,
1548009934,19.7,14.1,23,23.3,0,4.65,24.5,0,4.68,0,19.4,19.1,0,0,4.69,24.7,0,4.68,0,19.4,19.4,
1548010054,19.7,14.1,23,23.3,0,4.67,24.5,0,4.68,0,19.4,19.1,0,0,4.69,24.7,0,4.68,0,19.4,19.4,
1548010175,19.7,14.1,23,23.3,0,4.63,24.5,0,4.68,0,19.4,19.1,0,0,4.69,24.7,0,4.68,0,19.3,19.4,
1548010295,19.7,14,23,23.3,0,4.65,24.5,0,4.68,0,19.4,19.2,0,0,4.68,24.7,0,4.68,0,19.4,19.4,
1548010415,19.7,14,23,23.3,0,4.62,24.5,0,4.67,0,19.4,19.2,0,0,4.67,24.7,0,4.67,0,19.4,19.4,
1548010668,0,0,0,0,0,0,0,0,0,0,0,0,0,0,0,0,0,0,0,0,0,
1548010788,19.7,14,23,23.3,0,4.65,24.5,0,4.68,0,19.4,19.2,0,0,4.69,24.7,0,4.68,0,19.3,19.4,
1548010908,19.7,14,23,23.3,0,4.64,24.5,0,4.67,0,19.3,19.1,0,0,4.68,24.7,0,4.67,0,19.3,19.4,
1548011029,19.7,14,23.1,23.3,0,4.65,24.5,0,4.67,0,19.4,19.2,0,0,4.67,24.7,0,4.67,0,19.4,19.3,
1548011149,19.7,13.9,23.1,23.3,0,4.63,24.5,0,4.68,0,19.3,19.1,0,0,4.68,24.7,0,4.68,0,19.3,19.2,
1548011269,19.7,13.9,23.1,23.3,0,4.67,24.5,0,4.69,0,19.4,19.2,0,0,4.67,24.7,0,4.68,0,19.3,19.2,
1548011390,19.7,13.9,23.1,23.3,0,4.67,24.5,0,4.68,0,19.4,19.1,0,0,4.68,24.7,0,4.68,0,19.3,19.3,
1548011510,19.7,13.8,23.1,23.3,0,4.65,24.5,0,4.68,0,19.3,19.1,0,0,4.67,24.7,0,4.65,0,19.2,19.2,
1548011773,0,0,0,0,0,0,0,0,0,0,0,0,0,0,0,0,0,0,0,0,0,
1548011893,19.7,13.7,23.1,23.3,0,4.67,24.5,0,4.69,0,19.4,19.2,0,0,4.67,24.7,0,4.69,0,19.3,19.2,
1548012013,19.7,13.7,23.1,23.3,0,4.64,24.5,0,4.68,0,19.4,19.1,0,0,4.65,24.7,0,4.65,0,19.4,19.2,
1548012133,19.7,13.7,23.1,23.3,0,4.65,24.5,0,4.68,0,19.3,19.1,0,0,4.67,24.7,0,4.65,0,19.2,19.2,
1548012254,19.7,13.6,23.1,23.3,0,4.64,24.5,0,4.68,0,19.4,19.2,0,0,4.64,24.7,0,4.64,0,19.4,19.2,
1548012375,19.7,13.6,23.1,23.3,0,4.65,24.5,0,4.69,0,19.3,19.1,0,0,4.67,24.6,0,4.69,0,19.2,19.2,
1548012495,19.7,13.6,23.1,23.3,0,4.65,24.5,0,4.69,0,19.4,19.2,0,0,4.67,24.6,0,4.65,0,19.2,19.3,
1548012615,19.7,13.6,23.1,23.3,0,4.65,24.5,0,4.68,0,19.4,19.2,0,0,4.65,24.6,0,4.65,0,19.1,19.3,
1548012736,19.7,13.6,23.1,23.3,0,4.64,24.5,0,4.67,0,19.3,19.1,0,0,4.64,24.6,0,4.64,0,19.1,19.2,
1548013140,0,0,0,0,0,0,0,0,0,0,0,0,0,0,0,0,0,0,0,0,0,
1548013260,19.7,13.5,23.1,23.3,0,4.64,24.5,0,4.68,0,19.3,19.1,0,0,4.65,24.6,0,4.65,0,19.3,19.2,
1548013380,19.7,13.5,23.1,23.3,0,4.64,24.5,0,4.67,0,19.5,19.2,0,0,4.65,24.6,0,4.64,0,19.2,19.2,
1548013501,19.7,13.5,23.1,23.3,0,4.64,24.5,0,4.67,0,19.4,19.2,0,0,4.64,24.6,0,4.67,0,19.2,19.1,
1548013621,19.7,13.5,23.1,23.3,0,4.65,24.5,0,4.69,0,19.4,19.1,0,0,4.65,24.6,0,4.65,0,19.3,19.2,
1548013741,19.7,13.5,23.1,23.3,0,4.65,24.5,0,4.69,0,19.3,19.1,0,0,4.64,24.6,0,4.65,0,19.1,19.1,
1548013862,19.7,13.5,23.1,23.3,0,4.64,24.5,0,4.67,0,19.3,19.1,0,0,4.64,24.6,0,4.64,0,19.1,19.1,
1548013982,19.7,13.5,23.1,23.3,0,4.64,24.5,0,4.68,0,19.3,19.2,0,0,4.64,24.6,0,4.64,0,19.1,18.9,
1548014901,0,0,0,0,0,0,0,0,0,0,0,0,0,0,0,0,0,0,0,0,0,
1548015021,19.7,13.4,23.1,23.3,0,4.64,24.5,0,4.67,0,19.3,19.1,0,0,4.6,24.6,0,4.62,0,18.9,18.8,
1548015141,19.7,13.4,23.1,23.3,0,4.64,24.5,0,4.68,0,19.4,19.1,0,0,4.6,24.6,0,4.6,0,18.8,18.9,
1548015262,19.7,13.5,23.1,23.3,0,4.63,24.5,0,4.67,0,19.3,19.1,0,0,4.6,24.6,0,4.59,0,18.9,19,
1548015382,19.7,13.5,23.1,23.3,0,4.64,24.5,0,4.68,0,19.5,19.2,0,0,4.6,24.6,0,4.59,0,18.9,19,
1548015502,19.7,13.5,23.1,23.3,0,4.62,24.5,0,4.67,0,19.3,19.1,0,0,4.59,24.6,0,4.59,0,18.8,18.9,
1548015623,19.7,13.4,23.1,23.3,0,4.64,24.5,0,4.67,0,19.3,19,0,0,4.6,24.6,0,4.62,0,18.8,18.8,
1548015743,19.7,13.4,23.1,23.3,0,4.63,24.5,0,4.67,0,19.3,19.2,0,0,4.6,24.6,0,4.6,0,18.9,18.9,
1548016152,0,0,0,0,0,0,0,0,0,0,0,0,0,0,0,0,0,0,0,0,0,
1548016152,19.7,13.3,23.1,23.3,0,4.64,24.5,0,4.68,0,19.4,19,0,0,4.58,24.6,0,4.58,0,18.8,18.8,
1548016270,19.7,13.3,23.1,23.3,0,4.64,24.5,0,4.67,0,19.3,19.1,0,0,4.58,24.6,0,4.59,0,18.7,18.8,
1548016390,19.7,13.3,23.1,23.3,0,4.64,24.5,0,4.69,0,19.2,18.9,0,0,4.58,24.6,0,4.58,0,18.8,18.8,
1548016511,19.7,13.3,23.1,23.3,0,4.64,24.4,0,4.67,0,19.2,19.1,0,0,4.59,24.6,0,4.58,0,18.7,18.8,
1548016631,19.7,13.3,23.1,23.3,0,4.64,24.4,0,4.67,0,19.3,19.1,0,0,4.58,24.6,0,4.57,0,18.7,18.8,
1548016751,19.7,13.3,23.1,23.3,0,4.62,24.4,0,4.67,0,19.3,19.1,0,0,4.59,24.6,0,4.58,0,18.8,18.8,
1548016872,19.7,13.3,23.1,23.3,0,4.64,24.4,0,4.65,0,19.3,19.1,0,0,4.58,24.6,0,4.57,0,18.8,18.8,
1548017119,0,0,0,0,0,0,0,0,0,0,0,0,0,0,0,0,0,0,0,0,0,
1548017239,19.7,13.3,23.1,23.3,0,4.63,24.4,0,4.67,0,19.3,19.1,0,0,4.57,24.6,0,4.57,0,18.8,18.8,
1548017360,19.7,13.2,23.2,23.3,0,4.63,24.4,0,4.65,0,19.2,19.1,0,0,4.55,24.6,0,4.55,0,18.7,18.6,
1548017480,19.7,13.2,23.2,23.3,0,4.63,24.4,0,4.65,0,19,19.1,0,0,4.55,24.6,0,4.54,0,18.6,18.6,
1548017600,19.7,13.2,23.2,23.3,0,4.63,24.4,0,4.65,0,19.2,19.1,0,0,4.55,24.6,0,4.57,0,18.7,18.7,
1548017721,19.7,13.2,23.2,23.3,0,4.63,24.4,0,4.65,0,19.3,19.1,0,0,4.57,24.6,0,4.55,0,18.6,18.7,
1548017841,19.7,13.1,23.2,23.3,0,4.6,24.4,0,4.65,0,19.1,19,0,0,4.55,24.6,0,4.55,0,18.5,18.6,
1548017961,19.7,13.1,23.2,23.3,0,4.64,24.4,0,4.67,0,19.3,19.1,0,0,4.57,24.6,0,4.55,0,18.7,18.7,
1548018237,0,0,0,0,0,0,0,0,0,0,0,0,0,0,0,0,0,0,0,0,0,
1548018357,19.6,13,23.2,23.3,0,4.63,24.4,0,4.65,0,19.2,19.1,0,0,4.55,24.6,0,4.55,0,18.6,18.6,
1548018478,19.6,13,23.2,23.3,0,4.63,24.4,0,4.65,0,19.2,19.1,0,0,4.54,24.6,0,4.54,0,18.6,18.6,
1548018598,19.6,13,23.2,23.3,0,4.62,24.4,0,4.64,0,19.2,19.1,0,0,4.54,24.6,0,4.54,0,18.5,18.5,
1548018718,19.6,13,23.2,23.3,0,4.62,24.4,0,4.64,0,19.1,19,0,0,4.54,24.6,0,4.54,0,18.5,18.5,
1548018839,19.6,13,23.2,23.3,0,4.62,24.4,0,4.64,0,19.2,19,0,0,4.54,24.6,0,4.54,0,18.5,18.5,
1548018959,19.6,13,23.2,23.3,0,4.62,24.4,0,4.64,0,19.1,19,0,0,4.52,24.6,0,4.54,0,18.5,18.5,
1548019079,19.6,13,23.2,23.3,0,4.59,24.4,0,4.64,0,19.2,19.1,0,0,4.52,24.6,0,4.54,0,18.6,18.5,
1548019422,0,0,0,0,0,0,0,0,0,0,0,0,0,0,0,0,0,0,0,0,0,
1548019542,19.6,13,23.2,23.3,0,4.62,24.4,0,4.64,0,19.1,19,0,0,4.52,24.5,0,4.54,0,18.5,18.4,
1548019662,19.6,13,23.2,23.3,0,4.63,24.4,0,4.64,0,19.1,19,0,0,4.53,24.5,0,4.55,0,18.5,18.4,
1548019784,19.6,13,23.2,23.3,0,4.64,24.4,0,4.64,0,19.1,19.1,0,0,4.54,24.5,0,4.55,0,18.6,18.5,
1548019903,19.6,12.9,23.2,23.3,0,4.64,24.4,0,4.64,0,19.1,19,0,0,4.52,24.5,0,4.55,0,18.5,18.4,
1548020023,19.6,13,23.2,23.3,0,4.63,24.4,0,4.64,0,19.1,18.9,0,0,4.53,24.5,0,4.55,0,18.5,18.4,
1548020144,19.6,13,23.2,23.3,0,4.62,24.4,0,4.62,0,19.1,19.1,0,0,4.5,24.5,0,4.54,0,18.5,18.4,
1548020264,19.6,12.9,23.2,23.3,0,4.62,24.4,0,4.63,0,19.1,19.1,0,0,4.52,24.5,0,4.54,0,18.5,18.3,
1548020816,0,0,0,0,0,0,0,0,0,0,0,0,0,0,0,0,0,0,0,0,0,
1548020936,19.6,12.9,23.2,23.3,0,4.6,24.4,0,4.63,0,19.1,19,0,0,4.49,24.5,0,4.53,0,18.5,18.3,
1548021056,19.6,12.9,23.2,23.3,0,4.62,24.4,0,4.63,0,19.1,18.9,0,0,4.5,24.5,0,4.54,0,18.5,18.2,
1548021177,19.6,12.9,23.2,23.3,0,4.6,24.4,0,4.63,0,19.1,19,0,0,4.49,24.5,0,4.52,0,18.4,18.3,
1548021297,19.6,12.9,23.2,23.3,0,4.6,24.4,0,4.62,0,19.1,18.9,0,0,4.49,24.5,0,4.5,0,18.5,18.2,
1548022430,0,0,0,0,0,0,0,0,0,0,0,0,0,0,0,0,0,0,0,0,0,
1548022550,19.5,12.7,23.3,23.3,0,4.59,24.4,0,4.62,0,18.9,18.8,0,0,4.47,24.5,0,4.5,0,18.3,18.1,
1548022671,19.5,12.7,23.3,23.3,0,4.59,24.4,0,4.62,0,18.9,18.8,0,0,4.48,24.5,0,4.49,0,18.5,17.9,
1548022791,19.5,12.7,23.3,23.3,0,4.6,24.4,0,4.6,0,19,18.8,0,0,4.48,24.5,0,4.5,0,18.3,18.2,
1548022912,19.5,12.7,23.3,23.3,0,4.59,24.4,0,4.62,0,18.9,18.8,0,0,4.47,24.5,0,4.49,0,18.2,18.1,
1548023032,19.5,12.7,23.3,23.3,0,4.6,24.4,0,4.62,0,19.1,18.8,0,0,4.48,24.5,0,4.5,0,18.2,18.2,
1548023152,19.5,12.7,23.3,23.3,0,4.57,24.4,0,4.6,0,18.9,18.8,0,0,4.47,24.5,0,4.49,0,18.2,18.1,
1548023273,19.5,12.7,23.3,23.3,0,4.59,24.4,0,4.62,0,19,18.8,0,0,4.48,24.5,0,4.5,0,18.3,18.2,
1548023531,0,0,0,0,0,0,0,0,0,0,0,0,0,0,0,0,0,0,0,0,0,
1548023651,19.5,12.7,23.3,23.3,0,4.57,24.4,0,4.59,0,18.8,18.8,0,0,4.44,24.5,0,4.48,0,18.2,18,
1548023771,19.5,12.7,23.3,23.3,0,4.57,24.4,0,4.59,0,18.8,18.8,0,0,4.45,24.5,0,4.52,0,18.2,18,
1548023892,19.5,12.7,23.3,23.3,0,4.58,24.4,0,4.59,0,18.8,18.7,0,0,4.47,24.5,0,4.5,0,18.2,18.1,
1548024012,19.5,12.7,23.3,23.3,0,4.57,24.3,0,4.59,0,18.9,18.8,0,0,4.45,24.5,0,4.48,0,18.4,18.2,
1548024132,19.5,12.8,23.3,23.3,0,4.58,24.3,0,4.59,0,18.9,18.8,0,0,4.45,24.5,0,4.49,0,18.2,18,
1548024253,19.5,12.8,23.3,23.3,0,4.57,24.3,0,4.6,0,18.8,18.7,0,0,4.45,24.5,0,4.49,0,18.2,18,
1548024373,19.5,12.8,23.3,23.3,0,4.57,24.3,0,4.59,0,18.8,18.8,0,0,4.45,24.5,0,4.5,0,18.2,18,
1548024631,0,0,0,0,0,0,0,0,0,0,0,0,0,0,0,0,0,0,0,0,0,
1548024751,19.5,12.8,23.3,23.3,0,4.58,24.3,0,4.62,0,19,18.8,0,0,4.45,24.5,0,4.49,0,18.2,18,
1548024872,19.4,12.8,23.3,23.3,0,4.58,24.3,0,4.59,0,18.8,18.8,0,0,4.45,24.5,0,4.48,0,18.2,18,
1548024992,19.4,12.8,23.3,23.3,0,4.57,24.3,0,4.58,0,18.8,18.8,0,0,4.44,24.5,0,4.48,0,18.2,18,
1548025112,19.4,12.8,23.3,23.3,0,4.58,24.3,0,4.59,0,18.8,18.8,0,0,4.44,24.5,0,4.47,0,18.2,18.1,
1548025233,19.4,12.9,23.3,23.3,0,4.58,24.3,0,4.58,0,18.8,18.8,0,0,4.45,24.5,0,4.48,0,18.2,18,
1548025353,19.4,12.9,23.3,23.3,0,4.57,24.3,0,4.58,0,18.8,18.8,0,0,4.44,24.5,0,4.47,0,18.2,18.1,
1548025473,19.4,12.9,23.3,23.3,0,4.58,24.3,0,4.59,0,18.8,18.8,0,0,4.45,24.5,0,4.47,0,18.2,18,
1548025720,0,0,0,0,0,0,0,0,0,0,0,0,0,0,0,0,0,0,0,0,0,
1548025840,19.4,12.9,23.3,23.3,0,4.57,24.3,0,4.57,0,18.8,18.7,0,0,4.45,24.5,0,4.47,0,18,17.9,
1548025961,19.4,12.9,23.3,23.3,0,4.58,24.3,0,4.58,0,18.7,18.7,0,0,4.45,24.5,0,4.47,0,18,17.9,
1548026081,19.4,12.9,23.3,23.3,0,4.57,24.3,0,4.57,0,18.8,18.7,0,0,4.44,24.5,0,4.45,0,18.1,18,
1548026202,19.4,12.9,23.3,23.3,0,4.57,24.3,0,4.58,0,18.8,18.7,0,0,4.44,24.5,0,4.47,0,18.2,18.1,
1548026322,19.4,12.9,23.3,23.3,0,4.58,24.3,0,4.58,0,18.8,18.8,0,0,4.45,24.5,0,4.47,0,18.1,18,
1548026442,19.4,12.9,23.3,23.3,0,4.57,24.3,0,4.57,0,18.7,18.7,0,0,4.44,24.5,0,4.45,0,18,17.9,
1548026562,19.4,12.9,23.3,23.3,0,4.59,24.3,0,4.59,0,18.8,18.7,0,0,4.45,24.5,0,4.45,0,18.1,17.9,
1548026811,0,0,0,0,0,0,0,0,0,0,0,0,0,0,0,0,0,0,0,0,0,
1548026931,19.4,13,23.3,23.3,0,4.57,24.3,0,4.57,0,18.8,18.7,0,0,4.44,24.5,0,4.44,0,17.9,17.9,
1548027051,19.4,13,23.3,23.3,0,4.57,24.3,0,4.57,0,18.7,18.8,0,0,4.44,24.5,0,4.44,0,17.9,17.9,
1548027171,19.4,13,23.3,23.3,0,4.55,24.3,0,4.57,0,18.8,18.8,0,0,4.44,24.5,0,4.44,0,17.9,18,
1548027292,19.4,13,23.3,23.3,0,4.58,24.3,0,4.58,0,18.7,18.7,0,0,4.44,24.5,0,4.44,0,17.9,17.9,
1548027412,19.4,13,23.3,23.3,0,4.58,24.3,0,4.57,0,18.7,18.7,0,0,4.44,24.5,0,4.44,0,17.9,17.9,
1548027532,19.4,13.1,23.3,23.3,0,4.57,24.3,0,4.55,0,18.6,18.7,0,0,4.42,24.5,0,4.45,0,17.8,17.9,
1548027653,19.3,13.1,23.3,23.3,0,4.57,24.3,0,4.54,0,18.7,18.7,0,0,4.42,24.5,0,4.43,0,17.8,17.8,
1548027910,0,0,0,0,0,0,0,0,0,0,0,0,0,0,0,0,0,0,0,0,0,
1548028031,19.3,13.1,23.3,23.3,0,4.57,24.3,0,4.54,0,18.6,18.7,0,0,4.42,24.5,0,4.4,0,17.8,17.8,
1548028151,19.3,13.1,23.3,23.3,0,4.57,24.3,0,4.55,0,18.5,18.7,0,0,4.42,24.5,0,4.44,0,17.8,17.8,
1548028271,19.3,13.1,23.3,23.3,0,4.57,24.3,0,4.55,0,18.8,18.6,0,0,4.42,24.5,0,4.42,0,17.7,17.8,
1548028392,19.3,13.1,23.3,23.3,0,4.57,24.3,0,4.55,0,18.6,18.7,0,0,4.42,24.5,0,4.42,0,17.8,17.8,
1548028512,19.3,13.1,23.3,23.3,0,4.55,24.3,0,4.55,0,18.6,18.7,0,0,4.43,24.5,0,4.44,0,17.8,17.8,
1548028632,19.3,13.2,23.3,23.3,0,4.57,24.3,0,4.55,0,18.6,18.7,0,0,4.42,24.4,0,4.43,0,17.8,17.7,
1548028753,19.3,13.2,23.3,23.3,0,4.53,24.3,0,4.55,0,18.5,18.6,0,0,4.42,24.4,0,4.43,0,17.9,17.7,
1548029000,0,0,0,0,0,0,0,0,0,0,0,0,0,0,0,0,0,0,0,0,0,
1548029120,19.3,13.2,23.3,23.3,0,4.55,24.3,0,4.54,0,18.6,18.7,0,0,4.39,24.4,0,4.39,0,17.8,17.7,
1548029240,19.3,13.2,23.3,23.3,0,4.55,24.3,0,4.55,0,18.6,18.6,0,0,4.4,24.4,0,4.4,0,17.7,17.7,
1548029360,19.3,13.2,23.3,23.3,0,4.55,24.3,0,4.54,0,18.6,18.5,0,0,4.4,24.4,0,4.4,0,17.8,17.7,
1548029481,19.3,13.2,23.3,23.3,0,4.55,24.3,0,4.54,0,18.5,18.6,0,0,4.4,24.4,0,4.42,0,17.7,17.6,
1548029602,19.3,13.2,23.3,23.3,0,4.54,24.3,0,4.54,0,18.8,18.6,0,0,4.39,24.4,0,4.39,0,17.7,17.7,
1548029722,19.3,13.3,23.3,23.3,0,4.54,24.3,0,4.54,0,18.5,18.5,0,0,4.39,24.4,0,4.38,0,17.6,17.6,
1548029843,19.3,13.3,23.3,23.3,0,4.54,24.3,0,4.53,0,18.5,18.6,0,0,4.38,24.4,0,4.39,0,17.7,17.7,
1548029963,19.3,13.3,23.3,23.3,0,4.55,24.3,0,4.54,0,18.7,18.5,0,0,4.39,24.4,0,4.39,0,17.6,17.6,
1548030211,0,0,0,0,0,0,0,0,0,0,0,0,0,0,0,0,0,0,0,0,0,
1548030331,19.2,13.3,23.4,23.3,0,4.54,24.3,0,4.52,0,18.5,18.5,0,0,4.38,24.4,0,4.39,0,17.7,17.6,
1548030451,19.2,13.3,23.4,23.3,0,4.54,24.3,0,4.54,0,18.5,18.5,0,0,4.39,24.4,0,4.4,0,17.8,17.6,
1548030571,19.2,13.4,23.4,23.3,0,4.53,24.3,0,4.53,0,18.5,18.5,0,0,4.4,24.4,0,4.39,0,17.6,17.6,
1548030692,19.2,13.4,23.4,23.3,0,4.54,24.2,0,4.54,0,18.5,18.5,0,0,4.38,24.4,0,4.4,0,17.7,17.6,
1548030812,19.2,13.4,23.4,23.3,0,4.54,24.2,0,4.53,0,18.6,18.5,0,0,4.38,24.4,0,4.39,0,17.6,17.6,
1548030933,19.2,13.4,23.4,23.3,0,4.54,24.2,0,4.54,0,18.5,18.5,0,0,4.38,24.4,0,4.39,0,17.9,17.6,
1548031053,19.2,13.4,23.4,23.3,0,4.54,24.2,0,4.53,0,18.5,18.5,0,0,4.38,24.4,0,4.4,0,17.8,17.6,
1548031173,19.2,13.4,23.4,23.3,0,4.53,24.2,0,4.52,0,18.5,18.5,0,0,4.37,24.4,0,4.38,0,17.6,17.6,
1548031421,0,0,0,0,0,0,0,0,0,0,0,0,0,0,0,0,0,0,0,0,0,
1548031541,19.2,13.5,23.4,23.3,0,4.52,24.2,0,4.52,0,18.4,18.5,0,0,4.37,24.4,0,4.38,0,17.7,17.5,
1548031661,19.2,13.5,23.4,23.3,0,4.52,24.2,0,4.52,0,18.4,18.3,0,0,4.37,24.4,0,4.38,0,17.6,17.5,
1548031781,19.2,13.5,23.4,23.3,0,4.52,24.2,0,4.52,0,18.4,18.5,0,0,4.37,24.4,0,4.39,0,17.7,17.6,
1548031902,19.2,13.5,23.4,23.3,0,4.53,24.2,0,4.52,0,18.5,18.5,0,0,4.37,24.4,0,4.39,0,17.6,17.6,
1548032023,19.2,13.5,23.4,23.3,0,4.52,24.2,0,4.52,0,18.5,18.5,0,0,4.37,24.3,0,4.37,0,17.7,17.6,
1548032143,19.2,13.5,23.4,23.3,0,4.52,24.2,0,4.52,0,18.4,18.4,0,0,4.35,24.3,0,4.37,0,17.6,17.5,
1548032263,19.2,13.6,23.3,23.3,0,4.49,24.2,0,4.52,0,18.4,18.5,0,0,4.37,24.3,0,4.4,0,17.6,17.6,
1548032383,19.2,13.6,23.3,23.3,0,4.52,24.2,0,4.52,0,18.4,18.5,0,0,4.37,24.3,0,4.37,0,17.5,17.5,
1548032631,0,0,0,0,0,0,0,0,0,0,0,0,0,0,0,0,0,0,0,0,0,
1548032751,19.2,13.6,23.4,23.3,0,4.52,24.2,0,4.5,0,18.4,18.5,0,0,4.37,24.3,0,4.37,0,17.5,17.5,
1548032872,19.1,13.7,23.4,23.3,0,4.52,24.2,0,4.5,0,18.2,18.4,0,0,4.35,24.3,0,4.37,0,17.5,17.4,
1548032992,19.1,13.7,23.3,23.3,0,4.53,24.2,0,4.5,0,18.3,18.5,0,0,4.37,24.3,0,4.37,0,17.6,17.4,
1548033112,19.1,13.7,23.4,23.3,0,4.53,24.2,0,4.53,0,18.3,18.5,0,0,4.37,24.3,0,4.38,0,17.5,17.4,
1548033233,19.1,13.7,23.3,23.3,0,4.53,24.2,0,4.5,0,18.4,18.4,0,0,4.35,24.3,0,4.38,0,17.6,17.4,
1548033353,19.1,13.7,23.3,23.3,0,4.49,24.2,0,4.49,0,18.3,18.4,0,0,4.35,24.3,0,4.38,0,17.5,17.5,
1548033473,19.1,13.7,23.3,23.3,0,4.53,24.2,0,4.5,0,18.3,18.4,0,0,4.35,24.3,0,4.37,0,17.6,17.5,
1548033721,0,0,0,0,0,0,0,0,0,0,0,0,0,0,0,0,0,0,0,0,0,
1548033841,19.1,13.8,23.4,23.3,0,4.48,24.2,0,4.5,0,18.4,18.4,0,0,4.34,24.3,0,4.35,0,17.5,17.4,
1548033961,19.1,13.8,23.4,23.3,0,4.52,24.2,0,4.49,0,18.2,18.3,0,0,4.34,24.3,0,4.35,0,17.5,17.4,
1548034081,19.1,13.8,23.4,23.3,0,4.49,24.2,0,4.49,0,18.2,18.3,0,0,4.34,24.3,0,4.35,0,17.4,17.4,
1548034201,19.1,13.8,23.3,23.3,0,4.5,24.2,0,4.5,0,18.3,18.4,0,0,4.35,24.3,0,4.37,0,17.5,17.4,
1548034321,19.1,13.8,23.3,23.3,0,4.5,24.2,0,4.49,0,18.2,18.3,0,0,4.35,24.3,0,4.37,0,17.4,17.3,
1548034441,19.1,13.9,23.3,23.3,0,4.5,24.2,0,4.5,0,18.2,18.3,0,0,4.34,24.3,0,4.39,0,17.4,17.3,
1548034561,19.1,13.9,23.3,23.3,0,4.49,24.2,0,4.5,0,18.2,18.2,0,0,4.35,24.3,0,4.35,0,17.6,17.3,
1548034811,0,0,0,0,0,0,0,0,0,0,0,0,0,0,0,0,0,0,0,0,0,
1548034931,19.1,13.9,23.3,23.3,0,4.48,24.1,0,4.5,0,18.4,18.3,0,0,4.34,24.3,0,4.37,0,17.4,17.3,
1548035051,19.1,13.9,23.3,23.3,0,4.5,24.1,0,4.5,0,18.2,18.2,0,0,4.35,24.3,0,4.37,0,17.3,17.3,
1548035171,19.1,14,23.3,23.3,0,4.5,24.1,0,4.5,0,18.2,18.3,0,0,4.34,24.3,0,4.37,0,17.4,17.3,
1548035291,19.1,14,23.3,23.3,0,4.5,24.1,0,4.5,0,18.3,18.3,0,0,4.35,24.3,0,4.39,0,17.4,17.4,
1548035411,19.1,14,23.3,23.3,0,4.5,24.1,0,4.5,0,18.2,18.2,0,0,4.35,24.3,0,4.38,0,17.4,17.3,
1548035531,19.1,14,23.3,23.3,0,4.5,24.1,0,4.49,0,18.2,18.2,0,0,4.34,24.3,0,4.37,0,17.6,17.3,
1548035651,19.1,14,23.3,23.3,0,4.5,24.1,0,4.49,0,18.2,18.2,0,0,4.34,24.3,0,4.35,0,17.4,17.3,
1548035771,19.1,14,23.3,23.3,0,4.49,24.1,0,4.49,0,18.2,18.3,0,0,4.34,24.3,0,4.37,0,17.4,17.4,
1548035891,19,14,23.3,23.3,0,4.5,24.1,0,4.49,0,18.2,18.3,0,0,4.34,24.3,0,4.35,0,17.4,17.4,
1548036012,19,14.1,23.3,23.3,0,4.49,24.1,0,4.48,0,18.2,18.3,0,0,4.34,24.3,0,4.34,0,17.4,17.4,
1548036132,19,14.1,23.3,23.3,0,4.49,24.1,0,4.49,0,18.2,18.3,0,0,4.34,24.3,0,4.34,0,17.4,17.4,
1548036252,19,14.1,23.3,23.3,0,4.49,24.1,0,4.49,0,18.2,18.2,0,0,4.33,24.3,0,4.33,0,17.3,17.3,
1548036373,19,14.1,23.3,23.2,0,4.49,24.1,0,4.48,0,18.2,18.2,0,0,4.34,24.3,0,4.37,0,17.4,17.2,
1548036493,19,14.1,23.3,23.2,0,4.49,24.1,0,4.48,0,18.2,18.2,0,0,4.33,24.2,0,4.37,0,17.3,17.3,
1548036613,19,14.1,23.3,23.2,0,4.5,24.1,0,4.49,0,18.2,18.2,0,0,4.33,24.2,0,4.34,0,17.3,17.3,
1548036861,0,0,0,0,0,0,0,0,0,0,0,0,0,0,0,0,0,0,0,0,0,
1548036981,19,14.2,23.3,23.2,0,4.49,24.1,0,4.47,0,18.2,18.2,0,0,4.33,24.2,0,4.35,0,17.3,17.3,
1548037102,19,14.2,23.3,23.2,0,4.49,24.1,0,4.48,0,18.2,18.2,0,0,4.34,24.2,0,4.35,0,17.5,17.3,
1548037222,19,14.2,23.3,23.2,0,4.49,24.1,0,4.48,0,18.2,18.2,0,0,4.34,24.2,0,4.35,0,17.4,17.2,
1548037342,19,14.2,23.3,23.2,0,4.49,24.1,0,4.47,0,18.1,18.2,0,0,4.32,24.2,0,4.34,0,17.3,17.2,
1548037463,19,14.2,23.3,23.2,0,4.49,24.1,0,4.47,0,18.1,18.1,0,0,4.32,24.2,0,4.34,0,17.3,17.2,
1548037583,19,14.2,23.3,23.2,0,4.49,24.1,0,4.47,0,18.2,18.3,0,0,4.32,24.2,0,4.33,0,17.3,17.3,
1548037703,19,14.3,23.3,23.2,0,4.45,24.1,0,4.47,0,18.2,18.2,0,0,4.33,24.2,0,4.34,0,17.3,17.3,
1548037956,0,0,0,0,0,0,0,0,0,0,0,0,0,0,0,0,0,0,0,0,0,
1548038076,19,14.3,23.3,23.2,0,4.48,24.1,0,4.47,0,18.2,18.2,0,0,4.32,24.2,0,4.34,0,17.3,17.3,
1548038197,19,14.3,23.3,23.2,0,4.49,24,0,4.48,0,18.1,18.2,0,0,4.33,24.2,0,4.37,0,17.3,17.2,
1548038317,19,14.3,23.3,23.2,0,4.47,24,0,4.47,0,18.2,18.2,0,0,4.32,24.2,0,4.35,0,17.3,17.3,
1548038437,19,14.3,23.3,23.2,0,4.49,24,0,4.48,0,18.1,18.1,0,0,4.33,24.2,0,4.34,0,17.3,17.2,
1548038558,19,14.3,23.3,23.2,0,4.47,24,0,4.48,0,18.2,18,0,0,4.32,24.2,0,4.34,0,17.3,17.2,
1548038678,19,14.3,23.3,23.2,0,4.49,24,0,4.48,0,18.1,18.2,0,0,4.33,24.2,0,4.34,0,17.4,17.2,
1548038798,19,14.4,23.3,23.2,0,4.49,24,0,4.48,0,18.1,18.2,0,0,4.33,24.2,0,4.34,0,17.3,17.3,
1548039046,0,0,0,0,0,0,0,0,0,0,0,0,0,0,0,0,0,0,0,0,0,
1548039166,19,14.4,23.3,23.2,0,4.48,24,0,4.47,0,18.1,18.1,0,0,4.32,24.2,0,4.34,0,17.3,17.2,
1548039287,18.6,18.4,23.3,23.2,0,4.4,24.1,0,4.44,0,18.1,18.2,0,0,4.35,24.3,0,4.37,0,17.6,17.6,
1548039407,18.5,18.6,23.3,23.2,0,4.49,24.1,0,4.48,0,18.2,18.2,0,0,4.4,24.2,0,4.42,0,17.7,17.8,
1548039527,18.9,18.9,23.3,23.2,0,4.54,24.1,0,4.52,0,18.4,18.5,0,0,4.44,24.2,0,4.44,0,18,17.9,
1548039648,19.2,19.2,23.3,23.2,0,4.57,24.1,0,4.58,0,18.8,18.7,0,0,4.49,24.2,0,4.52,0,18.4,18.2,
1548039768,19.5,19.5,23.3,23.2,0,4.63,24,0,4.64,0,19.1,18.8,0,0,4.54,24.2,0,4.54,0,18.6,18.6,
1548039888,19.8,19.8,23.3,23.2,0,4.69,24.1,0,4.72,0,19.6,19.2,0,0,4.64,24.2,0,4.6,0,19.1,19,
1548040141,0,0,0,0,0,0,0,0,0,0,0,0,0,0,0,0,0,0,0,0,0,
1548040261,20.8,20.8,23.3,23.2,0,4.84,24.1,0,4.85,0,20.3,20.2,0,0,4.75,24.3,0,4.8,0,20,19.8,
1548040381,21,21,23.3,23.2,0,4.9,24.1,0,4.9,0,20.6,20.5,0,0,4.81,24.3,0,4.85,0,20.2,20,
1548040502,21.3,21.3,23.3,23.2,0,4.94,24.1,0,4.95,0,20.9,20.8,0,0,4.88,24.3,0,4.9,0,20.6,20.4,
1548040622,21.5,21.5,23.3,23.2,0,4.98,24.1,0,4.98,0,21.1,21,0,0,4.91,24.3,0,4.94,0,20.8,20.7,
1548040743,21.7,21.7,23.3,23.2,0,5.03,24.1,0,5.01,0,21.3,21.2,0,0,4.96,24.3,0,4.96,0,20.9,20.9,
1548040863,21.9,21.4,19,19.7,0,4.6,26,0,4.39,17.9,17.8,19.1,20,1372,4.35,26.8,88.6,4.86,17.9,17.6,17.3,
1548040983,22,19.6,19.6,20.3,0,5.01,28.1,0,5.01,30.1,21.1,21.1,36,1607,2.92,38.5,98.5,5.89,30.1,25.5,8,
1548041246,0,0,0,0,0,0,0,0,0,0,0,0,0,0,0,0,0,0,0,0,0,
1548041366,19.8,17.3,23.8,25.1,0,4.69,26.1,0,4.76,70.7,19.8,19.4,69,1832,2.45,47.6,121.5,7.47,70.7,32.6,4.3,
1548041487,19.1,17.1,25,26.9,0,4.57,26,0,5.01,81.4,21,18.8,75,1981,2.69,48.5,127.9,7.85,81.4,34.5,6.5,
1548041607,18.4,16.6,27,28.8,0,4.5,26,0,5.46,91.1,23.5,18.4,78,2114,2.96,49.7,141.9,8.56,91.1,37.2,8.5,
1548041727,17.7,15.8,28.3,30.1,0,4.39,25.9,0,5.35,91.7,22.5,17.8,78,2183,2.97,49.9,143.4,8.75,91.7,37.8,8.3,
1548041848,16.7,14.7,29.1,31,0,4.22,25.8,0,4.78,92.2,20,16.6,78,2198,2.97,49.6,144.4,8.8,92.2,38,8.3,
1548041968,16,14.2,30,31.8,0,4.03,25.6,0,4.23,75.2,16.5,15.4,66,2198,3.07,48,134.8,8.64,75.2,37.7,9.2,
1548042088,15.3,13.9,30.5,32.1,0,3.96,25.5,0,3.99,58.4,15.4,15.1,54,2106,3.1,44.9,126.6,8.31,58.4,36.4,9.4,
1548042357,0,0,0,0,0,0,0,0,0,0,0,0,0,0,0,0,0,0,0,0,0,
1548042477,15,14.4,30.2,31,0,4.01,25.5,0,4.02,29.7,15.4,15.4,30,1588,3.26,38.8,114.6,7.62,29.7,33.4,10.4,
1548042600,15.1,14.4,29.9,30.7,0,4.04,25.5,0,4.06,29.4,15.5,15.5,30,1333,3.21,38.4,113.9,7.53,29.4,33.2,10.1,
1548042718,15.2,14.4,30.4,31.2,0,4.06,25.5,0,4.06,30,15.7,15.7,30,1333,3.08,38.7,114.8,7.67,30,33.6,9.1,
1548042841,15.3,14.3,29.8,30.5,0,4.06,25.6,0,4.07,29.9,15.7,15.7,30,1333,2.88,38.7,114.9,7.59,29.9,33.2,8,
1548042961,15.4,14.2,29.6,30.3,0,4.08,25.6,0,4.08,29.6,15.8,15.7,30,1333,2.81,38.9,113.5,7.46,29.6,32.9,7.1,
1548043082,15.5,14.3,29.7,30.3,0,4.09,25.6,0,4.08,29.9,15.9,15.9,30,1333,2.8,39,115.5,7.6,29.9,33.3,7.3,
1548043199,15.6,14.4,29.7,30.3,0,4.12,25.6,0,4.1,29.9,15.8,15.8,30,1333,2.82,39.1,114.3,7.54,29.9,33.2,7.3,
1548043319,15.7,14.4,29.8,30.4,0,4.14,25.6,0,4.1,30.2,16,16.1,30,1333,2.81,39.2,114.4,7.55,30.2,33.1,7.2,
1548043439,15.8,14.5,29.8,30.4,0,4.14,25.6,0,4.13,30,16.1,16.1,30,1333,2.81,39.2,116,7.63,30,33.5,7.3,
1548043560,15.9,14.5,29.7,30.4,0,4.15,25.7,0,4.13,29.6,16.1,16.1,30,1333,2.81,39.2,114.5,7.52,29.6,32.9,7.3,
1548043680,15.9,14.6,29.5,30.2,0,4.14,25.7,0,4.15,29.7,16.1,16.3,30,1333,2.8,39.1,114.4,7.49,29.7,32.8,7.2,
1548043800,16,14.6,29.1,29.7,0,4.17,25.7,0,4.15,29.3,16.3,16.2,30,1333,2.75,38.9,112.5,7.36,29.3,32.5,6.8,
1548043986,0,0,0,0,0,0,0,0,0,0,0,0,0,0,0,0,0,0,0,0,0,
1548044106,16.2,14.7,28.8,29.4,0,4.2,25.8,0,4.18,29.1,16.3,16.4,30,1333,2.72,38.9,112.3,7.33,29.1,32.2,6.4,
1548044227,16.3,14.7,28.9,29.5,0,4.2,25.9,0,4.2,29.1,16.4,16.4,30,1333,2.75,38.9,112.5,7.38,29.1,32.5,6.7,
1548044347,16.3,14.7,28.7,29.3,0,4.22,25.9,0,4.19,29,16.5,16.7,30,1333,2.71,38.8,112.6,7.32,29,32.2,6.5,
1548044467,16.4,14.8,28.9,29.5,0,4.23,25.9,0,4.22,29.1,16.5,16.6,30,1333,2.73,39,112.3,7.33,29.1,32.2,6.5,
1548044587,16.4,14.8,28.5,29.1,0,4.22,26,0,4.18,28.9,16.5,16.4,30,1333,2.71,38.8,111.8,7.26,28.9,32,6.4,
1548044708,16.4,14.8,28.8,29.3,0,4.22,26,0,4.22,29.3,16.6,16.7,30,1333,2.72,38.9,112.7,7.36,29.3,32.3,6.5,
1548044828,16.5,14.9,28.9,29.5,0,4.23,26,0,4.23,29.2,16.5,16.7,30,1333,2.75,39,112.7,7.38,29.2,32.4,6.5,
1548045076,0,0,0,0,0,0,0,0,0,0,0,0,0,0,0,0,0,0,0,0,0,
1548045196,16.6,14.9,28.9,29.5,0,4.25,26.1,0,4.24,29.4,16.7,16.6,30,1333,2.73,39.1,112.8,7.37,29.4,32.5,6.5,
1548045316,16.6,14.9,28.7,29.3,0,4.23,26.2,0,4.24,29.3,16.7,16.7,30,1333,2.72,39,112.3,7.36,29.3,32.3,6.4,
1548045437,16.6,14.9,28.3,28.9,0,4.25,26.2,0,4.25,28.9,16.7,16.7,30,1333,2.7,38.8,111.5,7.22,28.9,31.5,6.2,
1548045557,16.6,14.9,28.2,28.8,0,4.23,26.2,0,4.25,28.8,16.7,16.9,30,1352,2.7,38.8,110.6,7.21,28.8,31.8,6.9,
1548045677,16.6,15,28.4,29,0,4.25,26.3,0,4.25,28.9,16.8,16.7,30,1352,2.8,38.7,112.4,7.29,28.9,32.1,7.3,
1548045798,16.6,15,28.3,28.9,0,4.23,26.3,0,4.23,29,16.7,16.8,30,1352,2.78,38.6,111.7,7.28,29,32.1,6.9,
1548045918,16.6,15.1,28.8,29.4,0,4.25,26.3,0,4.23,29.3,16.8,16.9,30,1352,2.85,38.8,113,7.38,29.3,32.5,7.5,
1548046176,0,0,0,0,0,0,0,0,0,0,0,0,0,0,0,0,0,0,0,0,0,
1548046296,16.7,15,28.5,29.1,0,4.27,26.4,0,4.25,28.8,16.7,16.7,30,1333,2.73,39,111.7,7.28,28.8,31.9,6.2,
1548046417,16.7,15,28.8,29.3,0,4.27,26.4,0,4.25,29.1,16.7,16.7,30,1333,2.72,39.1,112.9,7.37,29.1,32.4,6.5,
1548046537,16.7,15,28.6,29.2,0,4.28,26.4,0,4.25,28.9,16.8,16.9,30,1333,2.71,39,112.5,7.29,28.9,32.2,6.5,
1548046657,16.7,15,28.6,29.2,0,4.25,26.5,0,4.25,29,16.8,16.9,30,1333,2.7,39,112.6,7.32,29,32,6.5,
1548046778,16.7,15,28.4,29,0,4.24,26.5,0,4.24,29,16.8,16.9,30,1348,2.76,38.8,112.3,7.28,29,32,6.9,
1548046898,16.7,15,28.3,28.9,0,4.28,26.5,0,4.25,28.6,16.8,16.9,30,1348,2.8,38.7,111.1,7.24,28.6,31.8,6.9,
1548047018,16.7,15,28.2,28.8,0,4.27,26.5,0,4.25,29.1,16.8,16.9,30,1348,2.77,38.7,111.1,7.22,29.1,32.2,7.1,
1548047276,0,0,0,0,0,0,0,0,0,0,0,0,0,0,0,0,0,0,0,0,0,
1548047396,16.7,15,28.5,29,0,4.27,26.6,0,4.25,28.9,16.7,16.8,30,1348,2.77,38.7,112.3,7.31,28.9,32,6.8,
1548047517,16.6,15,28.6,29.2,0,4.27,26.6,0,4.25,28.9,16.8,16.9,30,1348,2.8,38.8,111.4,7.32,28.9,32.3,7.1,
1548047637,16.6,15.1,28.9,29.4,0,4.25,26.7,0,4.25,29.3,16.7,16.7,30,1348,2.83,38.9,112.8,7.42,29.3,32.6,7.6,
1548047757,16.6,15,28.9,29.5,0,4.23,26.7,0,4.23,29.2,16.9,16.7,30,1348,2.8,38.9,112.7,7.36,29.2,32.5,7.2,
1548047878,16.6,15.1,29.1,29.6,0,4.25,26.7,0,4.24,29.3,16.7,16.7,30,1348,2.86,38.9,113.2,7.47,29.3,32.7,7.3,
1548047998,16.6,15,29.4,29.9,0,4.23,26.7,0,4.24,29.6,16.7,16.7,30,1333,2.78,39.2,113.7,7.46,29.6,32.8,6.8,
1548048118,16.6,15,29.4,30,0,4.24,26.7,0,4.24,29.8,16.7,16.7,30,1333,2.77,39.3,114.7,7.52,29.8,33.3,7.1,
1548048376,0,0,0,0,0,0,0,0,0,0,0,0,0,0,0,0,0,0,0,0,0,
1548048496,16.6,14.9,28.8,29.4,0,4.24,26.8,0,4.22,29.2,16.7,16.7,30,1333,2.71,39.1,111.9,7.28,29.2,32.2,6.5,
1548048617,16.6,14.9,28.7,29.2,0,4.24,26.8,0,4.23,29.2,16.7,16.6,30,1333,2.73,39,112,7.33,29.2,32.3,6.5,
1548048737,16.6,14.9,28.7,29.3,0,4.25,26.8,0,4.24,28.8,16.7,16.5,30,1333,2.75,39.1,112,7.33,28.8,31.7,6.2,
1548048858,16.6,14.9,28.5,29.1,0,4.24,26.8,0,4.23,28.8,16.7,16.7,30,1333,2.7,39,111.5,7.27,28.8,32,6.5,
1548048978,16.6,14.9,28.9,29.4,0,4.24,26.9,0,4.23,29.2,16.6,16.7,30,1333,2.73,39.1,113.2,7.44,29.2,32.7,6.5,
1548049098,16.6,14.9,28.8,29.4,0,4.24,26.9,0,4.23,29.2,16.7,16.7,30,1333,2.71,39.1,113.9,7.41,29.2,32.7,6.7,
1548049219,16.5,14.9,29.1,29.8,0,4.23,26.9,0,4.23,29.6,16.6,16.7,30,1333,2.73,39.2,113.1,7.38,29.6,32.5,6.5,
1548049466,0,0,0,0,0,0,0,0,0,0,0,0,0,0,0,0,0,0,0,0,0,
1548049586,16.5,14.9,29.2,29.8,0,4.23,26.9,0,4.22,29.7,16.6,16.7,30,1333,2.78,39.3,113.5,7.47,29.7,32.9,6.7,
1548049707,16.5,14.9,29.5,30.1,0,4.24,27,0,4.23,29.9,16.7,16.7,30,1333,2.8,39.4,114.8,7.55,29.9,33,7.1,
1548049827,16.5,14.9,29.3,29.9,0,4.23,27,0,4.23,29.8,16.6,16.7,30,1333,2.77,39.3,114,7.5,29.8,32.9,6.9,
1548049947,16.5,14.9,29.6,30.2,0,4.23,27,0,4.2,29.8,16.6,16.7,30,1333,2.78,39.4,114.1,7.5,29.8,33,6.9,
1548050068,16.5,14.9,29.4,30,0,4.22,27,0,4.22,29.8,16.6,16.7,30,1333,2.76,39.4,115,7.54,29.8,33,6.9,
1548050188,16.5,14.9,29.6,30.3,0,4.23,27,0,4.22,29.7,16.7,16.7,30,1333,2.8,39.5,114,7.5,29.7,33.1,6.9,
1548050308,16.5,14.9,29.3,29.9,0,4.23,27,0,4.22,29.8,16.7,16.7,30,1333,2.77,39.3,114,7.5,29.8,33,6.9,
1548050556,0,0,0,0,0,0,0,0,0,0,0,0,0,0,0,0,0,0,0,0,0,
1548050676,16.5,14.9,28.8,29.3,0,4.24,27.1,0,4.2,29.3,16.6,16.7,30,1333,2.71,39.1,112.8,7.41,29.3,32,6.5,
1548050796,16.5,14.9,29.1,29.6,0,4.23,27.1,0,4.22,29.3,16.5,16.6,30,1333,2.73,39.2,113.2,7.44,29.3,32.5,6.5,
1548050917,16.5,14.9,28.8,29.3,0,4.23,27.1,0,4.2,29.3,16.6,16.7,30,1333,2.71,39.1,112.8,7.42,29.3,32.3,6.5,
1548051037,16.5,14.9,28.6,29.2,0,4.23,27.1,0,4.2,28.8,16.5,16.4,30,1333,2.7,39,111.7,7.26,28.8,32,6.3,
1548051157,16.5,14.9,28.6,29.2,0,4.24,27.1,0,4.22,29,16.6,16.7,30,1333,2.7,39,112.6,7.33,29,31.9,6.2,
1548051278,16.5,14.8,28.3,28.9,0,4.24,27.1,0,4.22,28.7,16.7,16.7,30,1333,2.72,38.9,111,7.23,28.7,31.9,6.3,
1548051398,16.5,14.8,28.1,28.8,0,4.23,27.1,0,4.22,28.7,16.5,16.5,30,1333,2.66,38.8,110.8,7.18,28.7,31.4,6,
1548051646,0,0,0,0,0,0,0,0,0,0,0,0,0,0,0,0,0,0,0,0,0,
1548051766,16.5,14.9,28,28.6,0,4.23,27.2,0,4.22,28.7,16.6,16.7,30,1352,2.77,38.4,110.4,7.21,28.7,31.6,6.8,
1548051886,16.5,14.9,28.3,28.9,0,4.22,27.2,0,4.2,28.9,16.5,16.6,30,1352,2.77,38.5,111.1,7.26,28.9,31.9,6.9,
1548052007,16.5,15,28.6,29.2,0,4.23,27.2,0,4.22,28.9,16.5,16.6,30,1333,2.82,38.6,112.6,7.34,28.9,32.2,7.3,
1548052127,16.5,14.8,28.3,28.9,0,4.23,27.2,0,4.22,28.8,16.6,16.6,30,1333,2.67,38.7,111.2,7.24,28.8,31.8,6.1,
1548052247,16.5,14.8,28.5,29,0,4.2,27.2,0,4.22,29,16.5,16.6,30,1333,2.7,38.8,111.7,7.33,29,32.2,6.2,
1548052368,16.5,14.8,28.8,29.3,0,4.22,27.2,0,4.23,29.1,16.5,16.6,30,1333,2.72,38.9,112.7,7.39,29.1,32.4,6.4,
1548052488,16.5,14.8,28.8,29.3,0,4.22,27.2,0,4.23,29.2,16.7,16.6,30,1333,2.72,38.9,112.7,7.39,29.2,32.4,6.4,
1548052736,0,0,0,0,0,0,0,0,0,0,0,0,0,0,0,0,0,0,0,0,0,
1548052856,16.5,14.8,28.8,29.4,0,4.19,27.2,0,4.19,29,16.5,16.6,30,1333,2.72,39,112.2,7.31,29,32.2,6.5,
1548052976,16.5,14.9,29.1,29.6,0,4.2,27.2,0,4.19,29.4,16.5,16.6,30,1333,2.72,39.1,113,7.43,29.4,32.7,6.7,
1548053097,16.5,14.9,28.9,29.5,0,4.2,27.3,0,4.2,29.2,16.5,16.6,30,1333,2.72,39.1,112.7,7.38,29.2,32.4,6.5,
1548053217,16.5,14.8,28.6,29.3,0,4.22,27.3,0,4.2,29,16.5,16.5,30,1333,2.71,39,111.8,7.33,29,32.2,6.5,
1548053337,16.5,14.8,28.4,29,0,4.22,27.3,0,4.2,28.8,16.6,16.7,30,1333,2.69,38.8,111,7.26,28.8,32,6.3,
1548053458,16.5,14.8,28.6,29.1,0,4.19,27.3,0,4.22,29,16.5,16.6,30,1333,2.71,38.9,112.3,7.33,29,32.2,6.3,
1548053578,16.5,14.8,28.7,29.3,0,4.22,27.3,0,4.2,29.1,16.5,16.6,30,1333,2.72,39,112.1,7.34,29.1,32.3,6.5,
1548053826,0,0,0,0,0,0,0,0,0,0,0,0,0,0,0,0,0,0,0,0,0,
1548053946,16.5,14.9,28,28.6,0,4.22,27.3,0,4.2,28.4,16.4,16.6,30,1348,2.75,38.5,110,7.14,28.4,31.4,6.8,
1548054066,16.5,14.9,28.1,28.7,0,4.22,27.3,0,4.22,28.7,16.4,16.6,30,1348,2.75,38.5,110.8,7.18,28.7,31.4,6.8,
1548054187,16.5,14.9,28.1,28.7,0,4.22,27.3,0,4.19,28.8,16.4,16.5,30,1348,2.76,38.4,110.4,7.16,28.8,31.8,6.5,
1548054307,16.4,14.9,28.5,29.1,0,4.22,27.4,0,4.19,28.9,16.5,16.6,30,1348,2.8,38.6,111.4,7.28,28.9,32,6.9,
1548054427,16.4,14.9,28.4,29,0,4.18,27.4,0,4.18,28.7,16.4,16.5,30,1348,2.76,38.6,111.5,7.24,28.7,31.7,6.9,
1548054548,16.4,14.8,28.4,28.9,0,4.2,27.4,0,4.19,28.9,16.4,16.4,30,1348,2.76,38.5,111.9,7.31,28.9,32.2,7.2,
1548054668,16.4,14.8,28.7,29.3,0,4.2,27.4,0,4.19,29.1,16.4,16.5,30,1333,2.71,38.8,112.8,7.38,29.1,32.4,7.2,
1548054916,0,0,0,0,0,0,0,0,0,0,0,0,0,0,0,0,0,0,0,0,0,
1548055036,16.4,14.8,29.3,29.9,0,4.2,27.4,0,4.19,29.6,16.5,16.5,30,1333,2.76,39.2,114.4,7.5,29.6,32.9,6.9,
1548055156,16.4,14.8,29.2,29.7,0,4.2,27.4,0,4.2,29.5,16.4,16.5,30,1333,2.75,39.1,113.2,7.47,29.5,32.8,6.7,
1548055277,16.3,14.8,29.5,30.1,0,4.19,27.4,0,4.2,29.5,16.4,16.3,30,1333,2.78,39.2,113.9,7.48,29.5,33,6.8,
1548055397,16.3,14.8,29.2,29.8,0,4.19,27.4,0,4.18,29.4,16.4,16.5,30,1333,2.75,39.1,113.9,7.46,29.4,32.8,6.7,
1548055517,16.3,14.8,29.2,29.7,0,4.19,27.4,0,4.17,29.3,16.6,16.5,30,1333,2.76,39.1,113.8,7.44,29.3,32.7,6.7,
1548055637,16.4,14.8,29.1,29.6,0,4.19,27.4,0,4.18,29.3,16.5,16.5,30,1333,2.73,39.1,113.4,7.44,29.3,32.8,6.7,
1548055758,16.4,14.8,29.1,29.7,0,4.19,27.4,0,4.18,29.5,16.4,16.4,30,1333,2.73,39.1,114.4,7.47,29.5,32.7,6.5,
1548056005,0,0,0,0,0,0,0,0,0,0,0,0,0,0,0,0,0,0,0,0,0,
1548056126,16.3,14.8,29.5,30.1,0,4.19,27.5,0,4.18,29.6,16.4,16.3,30,1333,2.78,39.3,114.7,7.58,29.6,33,6.9,
1548056246,16.3,14.8,29.4,30,0,4.19,27.5,0,4.19,29.6,16.4,16.4,30,1333,2.77,39.2,114.7,7.52,29.6,32.8,6.9,
1548056366,16.3,14.8,29.4,29.9,0,4.19,27.5,0,4.18,29.7,16.4,16.4,30,1333,2.76,39.2,115,7.54,29.7,33.1,6.9,
1548056487,16.3,14.8,29.2,29.8,0,4.19,27.5,0,4.19,29.4,16.4,16.4,30,1333,2.75,39.2,113.1,7.42,29.4,32.5,6.7,
1548056607,16.3,14.8,29.2,29.7,0,4.19,27.5,0,4.18,29.5,16.4,16.4,30,1333,2.75,39.1,114.1,7.48,29.5,32.8,6.5,
1548056727,16.3,14.8,29,29.6,0,4.18,27.5,0,4.18,29.1,16.4,16.4,30,1333,2.77,39.1,112.6,7.37,29.1,32.4,6.8,
1548056848,16.3,14.8,29.5,30.1,0,4.18,27.5,0,4.17,29.7,16.4,16.4,30,1333,2.77,39.3,114.4,7.52,29.7,33,6.9,
1548057095,0,0,0,0,0,0,0,0,0,0,0,0,0,0,0,0,0,0,0,0,0,
1548057215,16.3,14.7,29,29.5,0,4.17,27.5,0,4.17,29.4,16.4,16.4,30,1333,2.71,39,113.4,7.41,29.4,32.5,6.5,
1548057336,16.3,14.7,28.8,29.4,0,4.15,27.6,0,4.18,29.2,16.4,16.5,30,1333,2.71,39,112.9,7.37,29.2,32.4,6.7,
1548057456,16.3,14.7,28.6,29.2,0,4.18,27.6,0,4.17,29,16.3,16.4,30,1333,2.7,38.9,111.9,7.31,29,32.1,6.4,
1548057577,16.3,14.7,28.8,29.4,0,4.15,27.6,0,4.18,29.3,16.3,16.4,30,1333,2.71,39,112.9,7.38,29.3,32.4,6.3,
1548057697,16.3,14.7,28.3,28.9,0,4.18,27.6,0,4.17,28.6,16.4,16.4,30,1333,2.67,38.7,110.6,7.18,28.6,31.6,6.1,
1548057817,16.3,14.7,28.1,28.7,0,4.18,27.6,0,4.18,28.4,16.4,16.4,30,1333,2.65,38.6,110.3,7.14,28.4,31.4,6.1,
1548057938,16.3,14.7,28.3,28.9,0,4.18,27.6,0,4.17,28.8,16.3,16.2,30,1333,2.66,38.7,110.9,7.23,28.8,31.7,6.1,
1548058190,0,0,0,0,0,0,0,0,0,0,0,0,0,0,0,0,0,0,0,0,0,
1548058311,16.3,14.7,28.4,29,0,4.18,27.6,0,4.17,28.8,16.3,16.3,30,1333,2.69,38.7,111.2,7.23,28.8,31.8,6.3,
1548058431,16.3,14.7,27.9,28.5,0,4.17,27.6,0,4.18,28.5,16.5,16.3,30,1344,2.67,38.5,109.9,7.17,28.5,31.4,6.1,
1548058551,16.3,14.8,28.2,28.8,0,4.19,27.6,0,4.18,28.7,16.3,16.4,30,1344,2.75,38.5,110.8,7.17,28.7,31.6,6.7,
1548058672,16.3,14.7,28.1,28.7,0,4.17,27.6,0,4.17,28.6,16.4,16.4,30,1344,2.72,38.4,110.3,7.19,28.6,31.4,6.5,
1548058792,16.3,14.7,27.7,28.3,0,4.19,27.6,0,4.17,28.1,16.2,16.4,30,1344,2.69,38.2,109.7,7.09,28.1,31.1,6.4,
1548058912,16.3,14.7,27.7,28.3,0,4.19,27.6,0,4.18,28.4,16.2,16.2,30,1344,2.7,38.2,109.5,7.14,28.4,31.3,6.2,
1548059033,16.3,14.7,27.6,28.2,0,4.18,27.6,0,4.17,28.3,16.3,16.3,30,1344,2.69,38.1,109.4,7.12,28.3,31.3,6.3,
1548059280,0,0,0,0,0,0,0,0,0,0,0,0,0,0,0,0,0,0,0,0,0,
1548059400,16.3,14.7,28.1,28.7,0,4.19,27.6,0,4.17,28.9,16.3,16.4,30,1344,2.72,38.3,110.9,7.23,28.9,32,6.5,
1548059521,16.3,14.7,28,28.6,0,4.14,27.6,0,4.15,28.3,16.2,16.4,30,1344,2.71,38.3,110,7.14,28.3,31.5,6.4,
1548059641,16.3,14.7,28.2,28.8,0,4.15,27.6,0,4.17,28.5,16.3,16.4,30,1344,2.72,38.3,110.3,7.19,28.5,31.5,6.5,
1548059762,16.3,14.7,28.1,28.6,0,4.17,27.6,0,4.15,28.6,16.3,16.3,30,1344,2.71,38.3,111,7.19,28.6,31.5,6.5,
1548059882,16.3,14.7,28.2,28.8,0,4.17,27.6,0,4.17,28.6,16.3,16.4,30,1344,2.72,38.3,111.2,7.22,28.6,31.7,6.7,
1548060002,16.3,14.7,27.9,28.5,0,4.17,27.6,0,4.15,28.3,16.3,16.2,30,1344,2.7,38.2,109.9,7.13,28.3,31.4,6.5,
1548060123,16.3,14.7,27.9,28.5,0,4.17,27.6,0,4.17,28.3,16.3,16.4,30,1344,2.75,38.2,109.9,7.12,28.3,31.2,6.4,
1548060370,0,0,0,0,0,0,0,0,0,0,0,0,0,0,0,0,0,0,0,0,0,
1548060490,16.3,14.7,27.7,28.3,0,4.17,27.6,0,4.15,28.2,16.3,16.3,30,1344,2.69,38.1,109.4,7.11,28.2,31.3,6.3,
1548060611,16.3,14.7,28,28.6,0,4.17,27.6,0,4.15,28.4,16.4,16.2,30,1344,2.71,38.2,109.8,7.14,28.4,31.4,6.4,
1548060731,16.3,14.7,28.3,28.8,0,4.19,27.6,0,4.17,28.7,16.3,16.4,30,1344,2.75,38.3,110.4,7.22,28.7,31.7,6.5,
1548060852,16.3,14.7,28.2,28.8,0,4.19,27.6,0,4.17,28.7,16.2,16.4,30,1344,2.73,38.3,110.6,7.21,28.7,31.7,6.5,
1548060972,16.3,16.2,28.3,28.5,0,4.18,27.6,0,4.15,0,16.3,16.4,0,0,3.42,40.6,0,6.16,0,27.7,10.4,
1548061092,16.6,16.6,28.3,28.4,0,4.22,27.6,0,4.19,0,16.4,16.4,0,0,4.04,39.1,0,5.77,0,24.9,15.7,
1548061213,17,17,28.3,28.4,0,4.24,27.7,0,4.23,0,16.7,16.7,0,0,4.13,38.3,0,5.46,0,23.2,16.1,
1548061460,0,0,0,0,0,0,0,0,0,0,0,0,0,0,0,0,0,0,0,0,0,
1548061580,18.3,18.3,27.8,28.4,0,4.43,27.7,0,4.42,0,17.6,17.8,0,0,4.44,35.9,0,4.68,0,19.3,17.9,
1548061701,18.6,18.6,27.5,28.3,0,4.45,27.6,0,4.47,0,18.2,18.2,0,0,4.47,35.3,0,4.6,0,18.9,18.2,
1548061821,19,19,27.1,28.3,0,4.52,27.6,0,4.5,0,18.5,18.5,0,0,4.54,34.8,0,4.6,0,18.9,18.4,
1548061941,19.2,19.2,26.7,28.3,0,4.58,27.6,0,4.59,0,18.8,18.8,0,0,4.59,34.4,0,4.64,0,19.3,18.8,
1548062062,19.5,19.5,26.4,28.2,0,4.6,27.6,0,4.63,0,19.1,19.1,0,0,4.63,34.1,0,4.68,0,19.4,19.1,
1548062182,19.7,19.7,26.1,28.2,0,4.65,27.5,0,4.69,0,19.4,19.2,0,0,4.69,33.7,0,4.74,0,19.7,19.4,
1548062302,20,19.9,25.9,28.2,0,4.7,27.5,0,4.74,0,19.7,19.5,0,0,4.72,33.4,0,4.75,0,20,19.7,
1548062560,0,0,0,0,0,0,0,0,0,0,0,0,0,0,0,0,0,0,0,0,0,
1548062680,20.7,20.7,25.4,28,0,4.81,27.3,0,4.84,0,20.3,20.2,0,0,4.81,32.6,0,4.9,0,20.7,20.1,
1548062800,21,20.9,25.3,28,0,4.85,27.3,0,4.89,0,20.5,20.5,0,0,4.84,32.3,0,4.9,0,20.5,20.2,
1548062921,21.2,21.1,25.2,28,0,4.9,27.2,0,4.93,0,20.7,20.5,0,0,4.88,32.1,0,4.94,0,20.7,20.5,
1548063042,21.4,21.3,25.1,27.9,0,4.94,27.2,0,4.96,0,20.9,20.8,0,0,4.91,31.8,0,4.96,0,20.9,20.7,
1548063162,21.5,21.5,25,27.9,0,4.99,27.2,0,4.99,0,21.1,21,0,0,4.94,31.6,0,4.99,0,21.1,20.8,
1548063282,21.7,21.7,25,27.8,0,4.96,27.1,0,5.01,0,21.2,21.2,0,0,4.95,31.4,0,4.99,0,21.1,20.8,
1548063403,21.9,21.8,24.9,27.8,0,5.04,27.1,0,5.06,0,21.4,21.3,0,0,4.98,31.2,0,5.01,0,21.2,21,
1548063523,22,22,24.9,27.7,0,5.08,27.1,0,5.06,0,21.5,21.4,0,0,4.99,31,0,5.05,0,21.4,21.1,
1548063770,0,0,0,0,0,0,0,0,0,0,0,0,0,0,0,0,0,0,0,0,0,
1548063890,22.4,22.3,24.8,27.6,0,5.14,27,0,5.16,0,21.9,22,0,0,5.05,30.5,0,5.11,0,21.7,21.4,
1548064010,22.5,22.5,24.8,27.5,0,5.18,27,0,5.19,0,22.1,22.2,0,0,5.08,30.4,0,5.13,0,21.8,21.4,
1548064130,22.6,22.6,24.7,27.5,0,5.2,26.9,0,5.2,0,22.1,22.3,0,0,5.11,30.2,0,5.14,0,21.8,21.6,
1548064251,22.6,22.5,24.7,27.5,0,5.19,26.9,0,5.23,0,22.2,22.3,0,0,5.1,30.1,0,5.15,0,22,21.6,
1548064372,22.6,22.4,24.7,27.4,0,5.21,26.9,0,5.2,0,22.4,22.1,0,0,5.11,29.9,0,5.16,0,22,21.7,
1548064492,22.6,22.3,24.7,27.4,0,5.2,26.9,0,5.23,0,22.3,22.1,0,0,5.13,29.8,0,5.18,0,22,21.7,
1548064613,22.6,22.3,24.6,27.4,0,5.21,26.8,0,5.21,0,22.3,22.2,0,0,5.1,29.7,0,5.16,0,22.1,21.8,
1548064733,22.6,22.3,24.6,27.3,0,5.21,26.8,0,5.2,0,22.4,22.4,0,0,5.11,29.6,0,5.18,0,22.1,21.8,
1548064986,0,0,0,0,0,0,0,0,0,0,0,0,0,0,0,0,0,0,0,0,0,
1548065106,22.6,22.3,24.5,27.2,0,5.19,26.7,0,5.21,0,22.3,22.3,0,0,5.14,29.2,0,5.18,0,22.1,21.8,
1548065226,22.6,22.3,24.5,27.2,0,5.23,26.7,0,5.23,0,22.3,22.1,0,0,5.16,29.1,0,5.21,0,22.1,21.8,
1548065346,22.6,22.3,24.5,27.2,0,5.2,26.6,0,5.23,0,22.4,22.2,0,0,5.16,29,0,5.2,0,22.1,22,
1548065466,22.6,22.3,24.5,27.1,0,5.19,26.6,0,5.21,0,22.3,22.3,0,0,5.15,28.9,0,5.19,0,22.2,21.8,
1548065586,22.6,22.3,24.5,27.1,0,5.2,26.6,0,5.21,0,22.4,22.3,0,0,5.15,28.8,0,5.21,0,22.3,22,
1548065706,22.6,22.3,24.5,27.1,0,5.23,26.5,0,5.23,0,22.3,22.3,0,0,5.16,28.7,0,5.23,0,22.3,21.9,
1548065826,22.6,22.3,24.4,27,0,5.23,26.5,0,5.23,0,22.4,22.4,0,0,5.16,28.6,0,5.23,0,22.4,22,
1548065946,22.6,22.3,24.4,27,0,5.2,26.5,0,5.21,0,22.3,22.2,0,0,5.16,28.5,0,5.2,0,22.3,22,
1548066066,22.6,22.3,24.4,27,0,5.2,26.4,0,5.23,0,22.4,22.4,0,0,5.18,28.4,0,5.23,0,22.4,22.1,
1548066186,22.6,22.3,24.4,27,0,5.2,26.4,0,5.21,0,22.4,22.3,0,0,5.18,28.3,0,5.21,0,22.3,22.1,
1548066307,22.6,22.2,24.4,26.9,0,5.23,26.4,0,5.23,0,22.4,22.4,0,0,5.18,28.3,0,5.23,0,22.4,22.1,
1548066427,22.6,22.2,24.4,26.9,0,5.21,26.3,0,5.23,0,22.4,22.4,0,0,5.16,28.2,0,5.21,0,22.4,22.1,
1548066547,22.6,22.1,24.4,26.9,0,5.2,26.3,0,5.23,0,22.4,22.4,0,0,5.19,28.1,0,5.2,0,22.4,22.1,
1548066668,22.6,22.1,24.4,26.8,0,5.21,26.3,0,5.23,0,22.3,22.3,0,0,5.18,28,0,5.21,0,22.2,22.1,
1548066788,22.6,22,24.3,26.8,0,5.2,26.2,0,5.21,0,22.3,22.3,0,0,5.19,27.9,0,5.2,0,22.3,22.1,
1548067051,0,0,0,0,0,0,0,0,0,0,0,0,0,0,0,0,0,0,0,0,0,
1548067171,22.6,21.8,24.3,26.7,0,5.23,26.1,0,5.23,0,22.4,22.3,0,0,5.2,27.7,0,5.21,0,22.3,22.2,
1548067292,22.6,21.7,24.3,26.7,0,5.23,26.1,0,5.23,0,22.4,22.4,0,0,5.2,27.6,0,5.23,0,22.3,22.3,
1548067412,22.6,21.6,24.3,26.7,0,5.23,26.1,0,5.23,0,22.4,22.3,0,0,5.2,27.5,0,5.23,0,22.4,22.2,
1548067532,22.6,21.5,24.3,26.6,0,5.2,26.1,0,5.21,0,22.4,22.2,0,0,5.19,27.5,0,5.2,0,22.4,22.3,
1548067653,22.6,21.5,24.3,26.6,0,5.21,26,0,5.23,0,22.4,22.2,0,0,5.19,27.4,0,5.2,0,22.3,22.1,
1548067773,22.6,21.4,24.3,26.6,0,5.23,26,0,5.23,0,22.3,22.3,0,0,5.2,27.3,0,5.23,0,22.3,22.1,
1548067893,22.6,21.3,24.3,26.6,0,5.2,26,0,5.21,0,22.4,22.4,0,0,5.19,27.3,0,5.24,0,22.4,22.3,
1548068166,0,0,0,0,0,0,0,0,0,0,0,0,0,0,0,0,0,0,0,0,0,
1548068286,22.6,21,24.2,26.5,0,5.2,25.9,0,5.21,0,22.4,22.2,0,0,5.18,27.1,0,5.2,0,22.4,22.1,
1548068407,22.6,20.9,24.2,26.5,0,5.2,25.9,0,5.21,0,22.4,22.3,0,0,5.19,27,0,5.2,0,22.3,22.1,
1548068527,22.6,20.7,24.2,26.4,0,5.21,25.8,0,5.23,0,22.4,22.4,0,0,5.19,27,0,5.21,0,22.4,22.1,
1548068648,22.6,20.6,24.2,26.4,0,5.23,25.8,0,5.23,0,22.3,22.2,0,0,5.19,26.9,0,5.23,0,22.2,22,
1548068768,22.6,20.5,24.2,26.4,0,5.23,25.8,0,5.23,0,22.3,22.3,0,0,5.19,26.8,0,5.23,0,22.3,22.1,
1548068888,22.6,20.2,24.2,26.4,0,5.2,25.8,0,5.2,0,22.4,22.2,0,0,5.18,26.8,0,5.2,0,22.4,22.1,
1548069008,22.6,20.1,24.2,26.3,0,5.2,25.7,0,5.21,0,22.3,22.3,0,0,5.14,26.7,0,5.2,0,22.3,22.1,
1548069216,0,0,0,0,0,0,0,0,0,0,0,0,0,0,0,0,0,0,0,0,0,
1548069336,22.6,19.9,24.2,26.3,0,5.21,25.7,0,5.21,0,22.3,22.2,0,0,5.16,26.6,0,5.21,0,22.2,22.1,
1548069457,22.6,19.8,24.2,26.2,0,5.23,25.7,0,5.23,0,22.4,22.4,0,0,5.18,26.6,0,5.21,0,22.4,22.1,
1548069577,22.6,19.7,24.2,26.2,0,5.2,25.7,0,5.19,0,22.2,22.2,0,0,5.16,26.5,0,5.2,0,22.2,22,
1548069697,22.6,19.6,24.1,26.2,0,5.2,25.6,0,5.21,0,22.3,22.1,0,0,5.16,26.5,0,5.2,0,22.2,22,
1548069817,22.6,19.4,24.1,26.2,0,5.2,25.6,0,5.21,0,22.4,22.2,0,0,5.16,26.4,0,5.2,0,22.2,22.1,
1548069938,22.6,19.3,24.1,26.2,0,5.21,25.6,0,5.21,0,22.3,22.3,0,0,5.16,26.4,0,5.19,0,22.1,22,
1548070058,22.6,19.2,24.1,26.1,0,5.23,25.6,0,5.23,0,22.3,22.3,0,0,5.16,26.4,0,5.2,0,22.1,21.9,
1548070306,0,0,0,0,0,0,0,0,0,0,0,0,0,0,0,0,0,0,0,0,0,
1548070426,22.5,19,24.1,26.1,0,5.19,25.6,0,5.2,0,22.3,22.4,0,0,5.14,26.3,0,5.19,0,22.2,21.9,
1548070546,22.5,19,24.1,26.1,0,5.2,25.6,0,5.21,0,22.3,22.4,0,0,5.15,26.2,0,5.19,0,22.1,21.9,
1548070667,22.5,18.9,24.1,26,0,5.21,25.6,0,5.21,0,22.4,22.4,0,0,5.14,26.2,0,5.18,0,22.1,22,
1548070787,22.5,18.8,24.1,26,0,5.21,25.6,0,5.23,0,22.2,22.3,0,0,5.14,26.2,0,5.18,0,22,21.8,
1548070907,22.5,18.5,24.1,26,0,5.21,25.6,0,5.21,0,22.4,22.4,0,0,5.13,26.1,0,5.16,0,22.2,21.8,
1548071028,22.5,18.5,24.1,26,0,5.2,25.5,0,5.21,0,22.3,22.2,0,0,5.11,26.1,0,5.15,0,22.1,21.8,
1548071148,22.5,18.5,24.1,26,0,5.2,25.5,0,5.2,0,22.3,22.3,0,0,5.11,26.1,0,5.15,0,22,21.7,
1548072506,0,0,0,0,0,0,0,0,0,0,0,0,0,0,0,0,0,0,0,0,0,
1548072626,22.4,17.8,23.9,25.7,0,5.2,25.4,0,5.21,0,22.2,22.3,0,0,5.08,25.7,0,5.11,0,21.6,21.4,
1548072747,22.3,17.8,23.9,25.7,0,5.2,25.4,0,5.2,0,22.3,22.3,0,0,5.06,25.7,0,5.08,0,21.6,21.4,
1548072867,22.3,17.8,23.9,25.7,0,5.21,25.4,0,5.2,0,22.2,22.2,0,0,5.1,25.7,0,5.11,0,21.6,21.4,
1548072987,22.3,17.7,23.9,25.7,0,5.19,25.4,0,5.19,0,22.2,22.3,0,0,5.05,25.7,0,5.09,0,21.5,21.4,
1548073108,22.3,17.7,23.9,25.7,0,5.21,25.4,0,5.19,0,22.4,22.1,0,0,5.05,25.7,0,5.08,0,21.6,21.3,
1548073228,22.3,17.7,23.9,25.6,0,5.21,25.4,0,5.19,0,22.2,22.3,0,0,5.05,25.6,0,5.09,0,21.4,21.3,
1548073348,22.3,17.7,23.9,25.6,0,5.21,25.3,0,5.19,0,22.3,22.2,0,0,5.05,25.6,0,5.08,0,21.6,21.3,
1548073762,0,0,0,0,0,0,0,0,0,0,0,0,0,0,0,0,0,0,0,0,0,
1548073882,22.2,17.7,23.8,25.6,0,5.2,25.3,0,5.2,0,22.2,22.1,0,0,5.04,25.5,0,5.05,0,21.4,21.4,
1548074002,22.2,17.6,23.8,25.5,0,5.21,25.3,0,5.2,0,22.2,22.3,0,0,5.05,25.5,0,5.06,0,21.4,21.3,
1548074122,22.2,17.6,23.8,25.5,0,5.2,25.3,0,5.2,0,22.1,22.3,0,0,5.05,25.5,0,5.06,0,21.3,21.3,
1548074243,22.2,17.6,23.8,25.5,0,5.21,25.3,0,5.19,0,22.1,22.1,0,0,5.04,25.5,0,5.05,0,21.3,21.3,
1548074363,22.2,17.6,23.8,25.5,0,5.21,25.3,0,5.2,0,22.1,22.2,0,0,5.05,25.5,0,5.04,0,21.3,21.3,
1548074483,22.2,17.6,23.8,25.5,0,5.19,25.2,0,5.2,0,22.1,22.2,0,0,5.03,25.4,0,5.05,0,21.3,21.3,
1548074604,22.2,17.6,23.8,25.5,0,5.2,25.2,0,5.19,0,22.1,22.2,0,0,5.04,25.4,0,5.03,0,21.3,21.3,
1548074851,0,0,0,0,0,0,0,0,0,0,0,0,0,0,0,0,0,0,0,0,0,
1548074971,22.1,17.6,23.7,25.4,0,5.19,25.2,0,5.2,0,22.1,22.1,0,0,5.03,25.4,0,5.04,0,21.3,21.2,
1548075092,22.1,17.6,23.7,25.4,0,5.2,25.2,0,5.19,0,22.1,22.2,0,0,5.01,25.4,0,5.01,0,21.3,21.2,
1548075212,22.1,17.5,23.7,25.4,0,5.2,25.2,0,5.19,0,22.1,22.2,0,0,5.01,25.4,0,5.03,0,21.2,21.2,
1548075332,22.1,17.5,23.7,25.4,0,5.18,25.2,0,5.19,0,22.1,22.1,0,0,5.01,25.3,0,5.03,0,21.1,21.2,
1548075453,22.1,17.5,23.7,25.4,0,5.21,25.2,0,5.16,0,22.2,22.3,0,0,5.03,25.3,0,5.04,0,21.2,21.2,
1548075573,22.1,17.5,23.7,25.3,0,5.18,25.2,0,5.19,0,22.1,22.2,0,0,5.01,25.3,0,5.03,0,21.3,21.2,
1548075693,22.1,17.5,23.7,25.3,0,5.18,25.1,0,5.19,0,22.1,22.2,0,0,5.01,25.3,0,5.01,0,21.2,21.2,
1548075941,0,0,0,0,0,0,0,0,0,0,0,0,0,0,0,0,0,0,0,0,0,
1548076061,22.1,17.4,23.7,25.3,0,5.18,25.1,0,5.18,0,22.1,22.2,0,0,5.01,25.2,0,5.01,0,21.2,21.1,
1548076181,22,17.4,23.6,25.3,0,5.18,25.1,0,5.19,0,22.1,22.1,0,0,5,25.2,0,5.01,0,21.2,21.1,
1548076301,22,17.4,23.6,25.2,0,5.2,25.1,0,5.18,0,22.2,22.1,0,0,5.01,25.2,0,5,0,21.2,21.2,
1548076421,22,17.4,23.6,25.2,0,5.18,25.1,0,5.19,0,22.1,22.1,0,0,4.99,25.2,0,5.01,0,21.1,21.1,
1548076541,22,17.4,23.6,25.2,0,5.19,25.1,0,5.19,0,22.1,22,0,0,5,25.2,0,5.03,0,21.1,21.1,
1548076661,22,17.4,23.6,25.2,0,5.15,25.1,0,5.18,0,22.1,22.1,0,0,4.98,25.2,0,5,0,21.1,21.1,
1548076781,22,17.3,23.6,25.2,0,5.18,25.1,0,5.18,0,22,22.1,0,0,4.99,25.2,0,5.01,0,21.1,21.1,
1548076901,22,17.3,23.6,25.2,0,5.19,25.1,0,5.16,0,22,22.1,0,0,4.98,25.2,0,4.98,0,21.1,21,
1548077021,22,17.3,23.6,25.2,0,5.19,25.1,0,5.18,0,22.1,22.1,0,0,4.99,25.1,0,5,0,21.1,21.1,
1548077142,22,17.2,23.6,25.1,0,5.19,25,0,5.16,0,22,22.1,0,0,4.99,25.1,0,5,0,21.1,21,
1548077262,22,17.2,23.6,25.1,0,5.19,25,0,5.16,0,22,22.1,0,0,4.99,25.1,0,5,0,21.1,21,
1548077381,22,17.2,23.6,25.1,0,5.16,25,0,5.16,0,22,22.1,0,0,4.99,25.1,0,4.99,0,21,21.1,
1548077502,21.9,17.2,23.5,25.1,0,5.15,25,0,5.15,0,22,22.1,0,0,4.98,25.1,0,4.99,0,21.1,21,
1548077622,21.9,17.2,23.5,25.1,0,5.19,25,0,5.16,0,21.9,22.1,0,0,4.99,25.1,0,4.99,0,21,21,
1548077742,21.9,17.1,23.5,25.1,0,5.16,25,0,5.16,0,22,22.1,0,0,4.99,25.1,0,5,0,21.1,20.9,
1548079388,0,0,0,0,0,0,0,0,0,0,0,0,0,0,0,0,0,0,0,0,0,
1548079508,21.8,17,23.4,24.9,0,5.13,24.9,0,5.14,0,22,21.9,0,0,4.95,24.9,0,4.98,0,20.8,20.9,
1548079629,21.8,17,23.4,24.9,0,5.13,24.9,0,5.14,0,21.8,21.9,0,0,4.94,24.9,0,4.94,0,20.8,20.8,
1548079749,21.8,17,23.4,24.9,0,5.15,24.9,0,5.14,0,21.8,21.9,0,0,4.94,24.9,0,4.95,0,20.9,20.8,
1548079870,21.8,17,23.4,24.9,0,5.15,24.9,0,5.15,0,21.8,21.9,0,0,4.95,24.9,0,4.99,0,20.9,20.8,
1548079990,21.8,17,23.4,24.9,0,5.14,24.9,0,5.14,0,21.8,22,0,0,4.94,24.9,0,4.94,0,20.9,20.8,
1548080110,21.8,17,23.4,24.8,0,5.16,24.9,0,5.14,0,21.8,21.9,0,0,4.94,24.9,0,4.95,0,20.8,20.8,
1548080231,21.8,17,23.4,24.8,0,5.15,24.9,0,5.13,0,21.8,21.7,0,0,4.93,24.9,0,4.94,0,20.8,20.8,
1548080478,0,0,0,0,0,0,0,0,0,0,0,0,0,0,0,0,0,0,0,0,0,
1548080598,21.8,16.9,23.3,24.8,0,5.11,24.9,0,5.14,0,21.8,21.8,0,0,4.94,24.9,0,4.94,0,20.8,20.8,
1548080718,21.8,16.9,23.3,24.8,0,5.15,24.9,0,5.13,0,21.8,21.8,0,0,4.94,24.9,0,4.94,0,20.9,20.8,
1548080839,21.8,16.9,23.3,24.8,0,5.14,24.9,0,5.13,0,21.8,21.8,0,0,4.94,24.9,0,4.93,0,20.8,20.8,
1548080959,21.7,16.9,23.3,24.8,0,5.14,24.9,0,5.14,0,21.8,21.8,0,0,4.93,24.9,0,4.95,0,20.7,20.8,
1548081079,21.7,16.9,23.3,24.8,0,5.15,24.9,0,5.13,0,21.7,21.8,0,0,4.94,24.9,0,4.94,0,20.8,20.8,
1548081200,21.7,16.8,23.3,24.8,0,5.14,24.8,0,5.13,0,21.7,21.8,0,0,4.93,24.8,0,4.93,0,20.7,20.7,
1548081320,21.7,16.8,23.3,24.7,0,5.14,24.8,0,5.13,0,21.8,21.8,0,0,4.94,24.8,0,4.94,0,20.8,20.7,
1548082730,0,0,0,0,0,0,0,0,0,0,0,0,0,0,0,0,0,0,0,0,0,
1548082850,21.6,16.7,23.2,24.6,0,5.1,24.8,0,5.09,0,21.6,21.6,0,0,4.89,24.8,0,4.89,0,20.7,20.6,
1548082971,21.6,16.6,23.2,24.6,0,5.1,24.8,0,5.09,0,21.6,21.7,0,0,4.89,24.8,0,4.9,0,20.5,20.6,
1548083091,21.6,16.6,23.2,24.6,0,5.09,24.8,0,5.1,0,21.6,21.6,0,0,4.89,24.8,0,4.89,0,20.7,20.5,
1548083211,21.6,16.6,23.2,24.6,0,5.11,24.8,0,5.1,0,21.6,21.7,0,0,4.89,24.8,0,4.9,0,20.6,20.5,
1548083331,21.6,16.6,23.2,24.6,0,5.08,24.8,0,5.09,0,21.6,21.6,0,0,4.89,24.8,0,4.91,0,20.6,20.5,
1548083452,21.6,16.6,23.2,24.6,0,5.09,24.8,0,5.08,0,21.6,21.6,0,0,4.89,24.8,0,4.9,0,20.5,20.5,
1548083572,21.6,16.6,23.2,24.6,0,5.09,24.8,0,5.09,0,21.6,21.6,0,0,4.89,24.8,0,4.9,0,20.6,20.5,
1548084692,0,0,0,0,0,0,0,0,0,0,0,0,0,0,0,0,0,0,0,0,0,
1548084811,21.5,16.5,23.1,24.5,0,5.08,24.7,0,5.05,0,21.4,21.5,0,0,4.86,24.7,0,4.89,0,20.5,20.6,
1548084932,21.5,16.5,23.1,24.5,0,5.06,24.7,0,5.06,0,21.4,21.6,0,0,4.89,24.7,0,4.9,0,20.6,20.5,
1548085052,21.5,16.5,23.1,24.5,0,5.06,24.7,0,5.06,0,21.4,21.5,0,0,4.89,24.7,0,4.9,0,20.5,20.5,
1548085172,21.5,16.5,23.1,24.5,0,5.08,24.7,0,5.06,0,21.4,21.5,0,0,4.89,24.7,0,4.9,0,20.5,20.5,
1548085293,21.4,16.5,23.1,24.4,0,5.06,24.7,0,5.05,0,21.4,21.5,0,0,4.88,24.7,0,4.89,0,20.6,20.5,
1548085413,21.4,16.5,23.1,24.4,0,5.05,24.7,0,5.06,0,21.4,21.4,0,0,4.89,24.7,0,4.9,0,20.5,20.5,
1548085533,21.4,16.5,23,24.4,0,5.06,24.7,0,5.05,0,21.4,21.4,0,0,4.88,24.7,0,4.9,0,20.6,20.5,
1548085955,0,0,0,0,0,0,0,0,0,0,0,0,0,0,0,0,0,0,0,0,0,
1548086075,21.4,16.5,23,24.4,0,5.03,24.7,0,5.05,0,21.4,21.4,0,0,4.86,24.7,0,4.89,0,20.7,20.4,
1548086196,21.4,16.5,23,24.4,0,5.05,24.7,0,5.05,0,21.4,21.4,0,0,4.86,24.7,0,4.89,0,20.6,20.4,
1548086316,21.4,16.5,23,24.4,0,5.04,24.7,0,5.06,0,21.4,21.4,0,0,4.86,24.7,0,4.9,0,20.5,20.5,
